,"WARNING:  These products can expose you to chemicals including Styrene, which is known to the",,,,,,,
,"State of California to cause cancer, and 1,3-Butadiene, which is known to the State of California to cause",,,,,,,
,birth defects and other reproductive harm.  For more information go to www.P65warnings.ca.gov. ,,,,,,,
,"Products, specifications, prices and availability subject to change without notice.  Per the U.S. Consumer",,,,,,,
,"Product Safety Improvement Act of 2008, these products are not toys and are not intended for",,,,,,,
,"children under 14 years of age.  © 2022 PIKO America, LLC.",,,,,,,
,,,,,,,,
2022 PIKO America Retailer Cost List:    06-10-22,,,,,,,,
*MAP = Minimum Advertised Price  - See PIKO America MAP Policy for Info.,,,,,,,,
2022 New Items in Bold Text,,,,,,,,
,,,,,,,,
,,Remarks/New Items,,2022,2022,2022,,
Item #,Description,Estimated Arrival,,Ret.Cost,MSRP,MAP*,,EAN # (Bar Code)
,,,,,,,,
,CATALOGS & FLYERS,,,,,,,
99330,PIKO G Digital Flyer,Available,$0.00,$0.00,$0.99,Exempt,,
99350,PIKO G-Track Flyer,Available,$0.00,$0.00,$1.99,Exempt,,
99702,PIKO G Catalog 2022,Available,,$0.00,$9.99,Exempt,,4015615997023
99722,PIKO G New Items Flyer 2022,Available,,$0.00,$1.99,Exempt,,4015615997221
99906,PIKO Sticker 12cm,Available,$0.00,$0.00,$1.99,Exempt,,
99907,PIKO Sticker 40cm,Available,$0.00,$0.00,$9.99,Exempt,,
99909,PIKO Sticker 68cm,Available,$0.00,$0.00,$12.99,Exempt,,
99954,PIKO Plastic Bag,Available,$0.00,$0.00,$1.99,Exempt,,
,,,,,,,,
,STARTER SETS,,,,,,,
37100,DB BR80 Ore Starter Set 120V,Available,,$287.99,$479.99,$383.99,,4015615371007
37154,Circus Roncalli Battery R/C Starter Set,Available,,$317.99,$529.99,$423.99,,4015615371540
38107,PRR Freight R/C Starter Set 120V,Available,,$299.99,$499.99,$399.99,,4015615381075
38108,SF Freight R/C Starter Set 120V,Available,,$299.99,$499.99,$399.99,,4015615381082
38109,WP&YR Freight R/C Starter Set w/Sound,Q4,,$449.99,$749.99,$599.99,,4015615381099
38112,"D&RGW Pass R/C Starter Set w/Sound, 120V",Available,,$479.99,$799.99,$639.99,,4015615381129
38120,DB BR80 Freight Start Set Analog Sound 120V,Available,,$431.99,$719.99,$575.99,,4015615371205
38121,DR V20 Freight Starter Set Analog Sound 120V,Available,,$527.99,$879.99,$703.99,,4015615371212
38123,"Christmas Freight R/C Start Set Analog Snd, 120V",Available,,$539.99,$899.99,$719.99,,4015615381235
38125,DR BR80 Pass. Start Set Analog Sound 120V,Available,,$431.99,$719.99,$575.99,,4015615371250
38126,DB V20 Pass. Starter Set Analog Sound 120V,Available,,$527.99,$879.99,$703.99,,4015615371267
38130,Classic BR80 Steam Passenger Start Set 120V,Available,,$317.99,$529.99,$423.99,,4015615381303
38151,"Industrial Starter Set, 120V",Available,,$227.99,$379.99,$303.99,,4015615371519
38152,"North Pole Hauler R/C Starter Set, 120V",Available,,$257.99,$429.99,$343.99,,4015615381525
38153,"Halloween Hauler R/C Starter Set, 120V",Available,,$287.99,$479.99,$383.99,,4015615381532
,,,,,,,,
,TRACK & TRACK ACCESSORIES,,,,,,,
35200,G320 Straight Track 320mm Order 12,Available,,$5.99,$9.99,$7.99,,4015615352006
35201,G280 Straight Track 280mm Order 12,Available,,$5.39,$8.99,$7.19,,4015615352013
35202,G160 Straight Track 160mm,Available,,$5.99,$9.99,$7.99,,4015615352020
35203,G140 Straight Track 140mm,Available,,$5.59,$9.29,$7.43,,4015615352037
35204,G95 Straight Track 95mm ,Available,,$5.39,$8.99,$7.19,,4015615352044
35208,G600 Straight Track 600mm Order 12,Available,,$11.39,$18.99,$15.19,,4015615352082
35209,G1200 Straight Track 1.2m Order 12,Available,,$22.79,$37.99,$30.39,,4015615352099
35211,R1 Curve Track R=600mm Order 12,Available,,$6.29,$10.49,$8.39,,4015615352112
35213,R3 Curve Track R=920mm Order 12,Available,,$10.19,$16.99,$13.59,,4015615352136
35214,R3 7.5 Deg Curve Track,Available,,$6.59,$10.99,$8.79,,4015615352143
35215,R5 Curve Track R=1240mm Order 12,Available,,$8.69,$14.49,$11.59,,4015615352150
35216,R5 7.5 Deg Curve Track,Available,,$6.29,$10.49,$8.39,,4015615352167
35217,R7 Curve Track  R=1560mm Order 12,Available,,$10.19,$16.99,$13.59,,4015615352174
35218,R7 7.5 Deg Curve Track,Available,,$7.19,$11.99,$9.59,,4015615352181
35220,Manual Switch Left R1 30 Deg,Available,,$34.19,$56.99,$45.59,,4015615352204
35221,Manual Switch Right R1 30 Deg,Available,,$34.19,$56.99,$45.59,,4015615352211
35222,Manual Switch Left R5 22.5 Deg,Available,,$53.99,$89.99,$71.99,,4015615352228
35223,Manual Switch Right R5 22.5 Deg,Available,,$53.99,$89.99,$71.99,,4015615352235
35224,Manual Curved Switch Left R3-R5,Available,,$98.99,$164.99,$131.99,,4015615352242
35225,Manual Curved Switch Right R3-R5,Available,,$98.99,$164.99,$131.99,,4015615352259
35226,Manual Switch Left R7 22.5 Deg,Available,,$88.79,$147.99,$118.39,,4015615352266
35227,Manual Switch Right R7 22.5 Deg,Available,,$88.79,$147.99,$118.39,,4015615352273
35228,Manual Switch Left R3 22.5 Deg,Available,,$52.79,$87.99,$70.39,,4015615352280
35229,Manual Switch Right R3 22.5 Deg,Available,,$52.79,$87.99,$70.39,,4015615352297
35230,SB320 Tie Strip 320mm Order 25,Available,,$2.49,$4.19,$3.35,,4015615352303
35231,SB280 Tie Strip 280mm Order 25,Available,,$2.29,$3.79,$3.03,,4015615352310
35240,Crossing 30 Degree,Available,,$38.99,$64.99,$51.99,,4015615352402
35250,P3000 Rail 3m Order 20 (Freight Will Be Added ),Available,,$26.99,$44.99,$35.99,,4015615352501
35251,P1500 Rail 1.5m Order 20,Available,,$11.99,$19.99,$15.99,,4015615352518
35260,Switch Control Box,Available,,$59.99,$99.99,$79.99,,4015615352600
35261,On-Off Control Box,Available,,$59.99,$99.99,$79.99,,4015615352617
35265,Relay Contacts DPDT,Available,,$25.19,$41.99,$33.59,,4015615352655
35266,Switch Lantern,Available,,$11.99,$19.99,$15.99,,4015615352662
35267,Reed Switch Assembly,Available,,$13.49,$22.49,$17.99,,4015615352679
35268,Track Magnet,Available,,$5.29,$8.89,$7.11,,4015615352686
35269,Loco Magnet,Available,,$6.29,$10.49,$8.39,,4015615352693
35270,Power Clamp w/Wires 1 Pair,Available,,$9.29,$15.49,$12.39,,4015615352709
35271,Electric Switch Machine,Available,,$27.59,$45.99,$36.79,,4015615352716
35272,Track Contact,Available,,$14.09,$23.49,$18.79,,4015615352723
35280,Bumper,Available,,$7.49,$12.49,$9.99,,4015615352808
35281,Rerailer/Grade Crossing with Track,Available,,$29.99,$49.99,$39.99,,4015615352815
35282,Easy Railer Powered Rerailer,Available,,$77.99,$129.99,$103.99,,4015615352822
35285,Track Clips 14 Pcs,Available,,$4.49,$7.49,$5.99,,4015615352853
35290,SV Metal Rail Joiners 20 Pcs,Available,,$10.19,$16.99,$13.59,,4015615352907
35291,SWV Metal Tie Joiners 20 Pcs,Available,,$6.59,$10.99,$8.79,,4015615352914
35292,Insulated Rail Joiners 6 Pcs,Available,,$6.29,$10.49,$8.39,,4015615352921
35293,"RailClamp, On-Rail, 10 Pieces",Available,,$16.19,$26.99,$21.59,,4015615352938
35294,"RailClamp, Over-Joiner, 10 Pieces",Available,,$16.19,$26.99,$21.59,,4015615352945
35300,Station Track Set,Available,,$128.99,$214.99,$171.99,,4015615353003
35301,Siding Track Set,Available,,$86.99,$144.99,$115.99,,4015615353010
35302,Double Oval Track Set,Available,,$142.79,$237.99,$190.39,,4015615353027
35310,Track & Power Set,Available,,$170.99,$284.99,$227.99,,4015615353102
35400,"Black/White Cable,16AWG, 25m",Available,,$46.19,$76.99,$61.59,,4015615354000
35401,"Red/Blue Cable, 16AWG, 25m",Available,,$46.19,$76.99,$61.59,,4015615354017
35402,"Orange/White Cable, 16AWG, 25m",Available,,$46.19,$76.99,$61.59,,4015615354024
35411,"Track Cleaning Set - Block, Pads, Fluid",Available,,$86.99,$144.99,$115.99,,4015615354116
35412,"Track Cleaning Pad, 10 Pcs",Available,,$9.59,$15.99,$12.79,,4015615354123
35413,"Track Polishing Pad, 2 Pcs",Available,,$10.19,$16.99,$13.59,,4015615354130
35414,"Track Cleaning Fluid, 250ml",Available,,$39.59,$65.99,$52.79,,4015615354147
35416,"Track Cleaning Shoe, Clean Machine, 2 Sets",Available,,$10.79,$17.99,$14.39,,4015615354161
35420,"Screwdriver Set, 4 Pcs ",Available,,$39.59,$65.99,$52.79,,4015615354208
35421,Mini Hacksaw,Available,,$35.99,$59.99,$47.99,,4015615354215
,,,,,,,,
,AMERICAN LOCOS,,,,,,,
38209,D&RGW Mini-Mogul 215,Available,,$227.99,$379.99,$303.99,,4015615382096
38229,NYC Mogul Loco w/Sound,Available,,$419.99,$699.99,$559.99,,4015615382294
38231,PRR Mogul 889 w/Sound,Available,,$419.99,$699.99,$559.99,,4015615382317
38232,UP Mogul 1201 w/Sound,Available,,$419.99,$699.99,$559.99,,4015615382324
38233,SF Mogul Loco 704 w/Sound,Available,,$419.99,$699.99,$559.99,,4015615382331
38234,D&RGW Mogul Loco 214 w/Sound,Available,,$419.99,$699.99,$559.99,,4015615382348
38242,PRR Camelback 2-6-0 Loco 628 w/Sound,Available,,$425.99,$709.99,$567.99,,4015615382423
38250,PRR 2-6-0T Loco 825 w/Analog Sound,Available,,$218.99,$364.99,$291.99,,4015615382508
38506,Clean Machine R/C,Available,,$191.99,$319.99,$255.99,,4015615385066
38508,Clean Machine Green,Q4,,$155.99,$259.99,$207.99,,4015615385080
38509,SF 25-Ton Diesel Battery R/C w/Sound,Q4,,$269.99,$449.99,$359.99,,4015615385097
38510,PRR 25-Ton Diesel Battery R/C w/Sound,Available,,$269.99,$449.99,$359.99,,4015615385103
38511,US Army 25-Ton Diesel Battery R/C w/Sound,Q4,,$269.99,$449.99,$359.99,,4015615385110
38512,KLW Thumper 25-Ton Diesel Battery R/C w/Sound,Available,,$269.99,$449.99,$359.99,,4015615385127
,,,,,,,,
,AMERICAN CARS,,,,,,,
36302,Container 20' Undecorated White,Available,,$29.39,$48.99,$39.19,,4015615363026
36311,Ore Car Load,Available,,$8.99,$14.99,$11.99,,4015615363118
36312,2-Bay Hopper Car Load,Available,,$11.39,$18.99,$15.19,,4015615363125
38600,"D&RGW Wood Coach 334, Yellow",Available,,$82.79,$137.99,$110.39,,4015615386001
38601,"D&RGW Wood Combine 202, Yellow (New #)",Available,,$82.79,$137.99,$110.39,,4015615386018
38602,"D&RGW Drovers Caboose 215, Yellow",Available,,$130.79,$217.99,$174.39,,4015615386025
38603,"D&RGW Wood Baggage Car 126, Yellow",Available,,$82.79,$137.99,$110.39,,4015615386032
38610,"D&RGW Wood Coach 337, Yellow",Available,,$82.79,$137.99,$110.39,,4015615386100
38626,"SF Wood Baggage Car 72493, Green",Available,,$82.79,$137.99,$110.39,,4015615386261
38628,"SF Wood Coach 16521, Green (New #)",Available,,$82.79,$137.99,$110.39,,4015615386285
38629,"PRR Wood Coach 80476, Tuscan",Very Limited,,$82.79,$137.99,$110.39,,4015615386292
38631,WP&YR Wood Coach 218,Very Limited,,$82.79,$137.99,$110.39,,4015615386315
38633,WP&YR Wood Combine 209,Available,,$82.79,$137.99,$110.39,,4015615386339
38634,WP&YR Wood Drovers Caboose 211,Very Limited,,$130.79,$217.99,$174.39,,4015615386346
38645,C&S Wood Combine,Available,,$82.79,$137.99,$110.39,,4015615386452
38646,C&S Wood Drover's Caboose,Sold Out,,$130.79,$217.99,$174.39,,4015615386469
38647,C&S Wood Baggage Car,Available,,$82.79,$137.99,$110.39,,4015615386476
38650,NYC Wood Coach,Available,,$82.79,$137.99,$110.39,,4015615386506
38651,NYC Wood Coach,Available,,$82.79,$137.99,$110.39,,4015615386513
38652,NYC Wood Combine,Available,,$82.79,$137.99,$110.39,,4015615386520
38653,UP Wood Coach 1873,Available,,$82.79,$137.99,$110.39,,4015615386537
38654,UP Wood Coach 1878,Available,,$82.79,$137.99,$110.39,,4015615386544
38655,UP Wood Combine 1922,Available,,$82.79,$137.99,$110.39,,4015615386551
38656,UP Wood Drovers Caboose 1953,Available,,$130.79,$217.99,$174.39,,4015615386568
38657,PRR Wood Coach 23117,Available,,$82.79,$137.99,$110.39,,4015615386575
38658,PRR Wood Coach 23119,Available,,$82.79,$137.99,$110.39,,4015615386582
38659,PRR Wood Combine 22610,Available,,$82.79,$137.99,$110.39,,4015615386599
38660,PRR Drovers Caboose 21015,Available,,$130.79,$217.99,$174.39,,4015615386605
38706,SF Work Caboose 110527,Very Limited,,$116.99,$194.99,$155.99,,4015615387060
38709,WP&YR Container Car 1127,Sold Out,,$71.39,$118.99,$95.19,,4015615387091
38732,SF Container Car 14628,Available,,$71.39,$118.99,$95.19,,4015615387329
38735,D&RGW Sightseeing Car 421 w/Bench Seats,Available,,$86.99,$144.99,$115.99,,4015615387350
38740,SF Flatcar w/Lumber Load,Available,,$85.79,$142.99,$114.39,,4015615387404
38741,B&O Flatcar w/Lumber Load,Sold Out,,$85.79,$142.99,$114.39,,4015615387411
38747,Conoco Tank Car,Available,,$74.99,$124.99,$99.99,,4015615387473
38749,D&RGW Pipe Gondola,Available,,$92.99,$154.99,$123.99,,4015615387497
38751,WP&YR Container Car,Available,,$71.39,$118.99,$95.19,,4015615387510
38753,WP&YR Sightseeing Car,Available,,$86.99,$144.99,$115.99,,4015615387534
38754,PRR Low-Side Gondola w/Roof Trusses,Available,,$93.59,$155.99,$124.79,,4015615387541
38755,PRR Bulkhead Flatcar w/Pulpwood Load,Available,,$93.59,$155.99,$124.79,,4015615387558
38756,RDG Bulkhead Flatcar w/Pipe Load,Available,,$93.59,$155.99,$124.79,,4015615387565
38763,D&RGW Bulkhead Flatcar,Sold Out,,$51.59,$85.99,$68.79,,4015615387633
38764,USATC Humvee Transport,Sold Out,,$93.59,$155.99,$124.79,,4015615387640
38766,CR Bulkhead Flatcar,Very Limited,,$51.59,$85.99,$68.79,,4015615387664
38767,Texaco Tank Car 1971,Very Limited,,$74.99,$124.99,$99.99,,4015615387671
38773,"SF Flatcar w/Stakes, 2-Pack",Available,,$85.79,$142.99,$114.39,,4015615387732
38774,"UP Flatcar w/Stakes, 2-Pack",Available,,$85.79,$142.99,$114.39,,4015615387749
38775,Sunoco Tank Car 7704,Available,,$74.99,$124.99,$99.99,,4015615387756
38778,"D&RGW Flatcar w/Stakes, 2-Pack",Available,,$85.79,$142.99,$114.39,,4015615387787
38779,"PRR Flatcar w/Stakes, 2-Pack",Available,,$85.79,$142.99,$114.39,,4015615387794
38781,Texaco Tank Car 1975,Q3,,$74.99,$124.99,$99.99,,4015615387817
38782,Sinclair Oils Tank Car 71977,Q3,,$74.99,$124.99,$99.99,,4015615387824
38825,"PRR Steel Boxcar 81374, Tuscan (New #)",Sold Out,,$58.79,$97.99,$78.39,,4015615388258
38829,"B&O Offset Hopper 810131, Black (New #)",Sold Out,,$44.99,$74.99,$59.99,,4015615388296
38831,"UP Steel Boxcar 120152, Armour Yellow (New #)",Very Limited,,$58.79,$97.99,$78.39,,4015615388319
38862,SF Transfer Caboose 1207,Limited,,$52.79,$87.99,$70.39,,4015615388623
38873,CNW Steel Boxcar 15355,Very Limited,,$58.79,$97.99,$78.39,,4015615388739
38879,B&O Sentinel Boxcar,Available,,$58.79,$97.99,$78.39,,4015615388791
38880,NYC Covered Hopper,Available,,$44.99,$74.99,$59.99,,4015615388807
38885,CB&Q Friendship Train Boxcar,Available,,$58.79,$97.99,$78.39,,4015615724292
38902,Vintage Warbirds P-51 Hopper,Very Limited,,$63.59,$105.99,$84.79,,4015615389026
38903,Vintage Warbirds P-47 Hopper,Very Limited,,$63.59,$105.99,$84.79,,4015615389033
38906,PRR Wood Caboose 461221,Very Limited,,$62.99,$104.99,$83.99,,4015615389064
38907,D&RGW Short Caboose 0501,Sold Out,,$62.99,$104.99,$83.99,,4015615389071
38909,Vintage Warbirds F4U Hopper,Very Limited,,$63.59,$105.99,$84.79,,4015615389095
38910,Vintage Warbirds P-38 Hopper,Very Limited,,$63.59,$105.99,$84.79,,4015615389101
38911,PRR Ore Car 21952 w/Ore Load,Available,,$38.99,$64.99,$51.99,,4015615389118
38912,D&RGW Ore Car 52116 w/Ore Load,Very Limited,,$38.99,$64.99,$51.99,,4015615389125
38913,SF Ore Car 2806 w/Ore Load,Available,,$38.99,$64.99,$51.99,,4015615389132
38914,"UP Ore Car 200331 ""Flag"" w/Ore Load",Very Limited,,$38.99,$64.99,$51.99,,4015615389149
38915,"North Pole Express Ore Car, 2-Pack",Limited,,$97.79,$162.99,$130.39,,4015615389156
38916,PRR Rib-Side Hopper 220838 w/Coal Load,Available,,$46.19,$76.99,$61.59,,4015615389163
38917,D&RGW Rib-Side Hopper 81131 w/Coal Load,Available,,$46.19,$76.99,$61.59,,4015615389170
38918,SF Rib-Side Hopper 750219 w/Coal Load,Available,,$46.19,$76.99,$61.59,,4015615389187
38919,"UP Offset Hopper 27519 ""Flag"" w/Coal Load",Very Limited,,$46.19,$76.99,$61.59,,4015615389194
38921,"Vintage Warbirds Hopper, B-25",Limited,,$63.59,$105.99,$84.79,,4015615389217
38922,American Traditions Betsy Ross Reefer,Available,,$74.99,$124.99,$99.99,,4015615389224
38923,American Traditions Baseball Reefer,Available,,$74.99,$124.99,$99.99,,4015615389231
38924,Chessie-C&O Rib-Side Hopper 150355 w/Coal Load,Available,,$46.19,$76.99,$61.59,,4015615389248
38925,"Vintage Warbirds Hopper, SBD Dauntless",Limited,,$63.59,$105.99,$84.79,,4015615389255
38926,SF Steel Boxcar 11527,Available,,$58.79,$97.99,$78.39,,4015615389262
38928,Vintage Warbirds Spitfire Hopper,Available,,$63.59,$105.99,$84.79,,4015615389286
38931,"D&RGW Ore Car, 2-Pack",Q3,,$74.99,$124.99,$99.99,,4015615389316
38933,"Chessie-B&O Ore Car, 2-Pack",Q3,,$74.99,$124.99,$99.99,,4015615389330
38934,CSX Rib-Side Hopper 811001 w/Coal Load,Q3,,$46.19,$76.99,$61.59,,4015615389347
38935,Easter Egg Mine Hopper,Available,,$63.59,$105.99,$84.79,,4015615389354
38940,Vintage Warbirds C-47 Hopper,Available,,$63.59,$105.99,$84.79,,4015615389408
38941,American Traditions John Henry Reefer,Q4,,$74.99,$124.99,$99.99,,4015615389415
38942,American Traditions Independence Reefer,Available,,$74.99,$124.99,$99.99,,4015615389422
38945,SF Wood Caboose 1208,Q3,,$62.99,$104.99,$83.99,,4015615389453
38946,PRR Wood Caboose 471903,Q4,,$62.99,$104.99,$83.99,,4015615389460
38947,D&RGW Wood Caboose 0524,Available,,$62.99,$104.99,$83.99,,4015615389477
38948,"UP Wood Caboose 25115, Elk",Available,,$62.99,$104.99,$83.99,,4015615389484
,,,,,,,,
,EUROPEAN LOCOS,,,,,,,
37202,"DB III BR80 Steam Loco, Black/Red ",Available,,$191.99,$319.99,$255.99,,4015615372028
37210,DB III BR64 Steam Loco,Available,,$647.99,"$1,079.99",$863.99,,4015615372103
37212,ÖBB III BR64 Steam Loco,Available,,$647.99,"$1,079.99",$863.99,,4015615372127
37222,DR IV BR24 Steam Loco,Available,,$749.99,"$1,249.99",$999.99,,4015615372226
37231,DR IV-V BR95 Steam Loco w/Sound,Available,,$839.99,"$1,399.99","$1,119.99",,4015615372318
37232,"DR III BR 95 Steam Loco, Neubau w/Sound",Q3,,$839.99,"$1,399.99","$1,119.99",,4015615372325
37240,DR IV BR 50 Reko Steam Loco,Very Limited,,$929.99,"$1,549.99","$1,239.99",,4015615372400
37242,DB IV BR50 Steam Loco,Available,,$929.99,"$1,549.99","$1,239.99",,4015615372424
37243,DB IV BR50 Steam Loco w/Sound,Available,,"$1,124.99","$1,874.99","$1,499.99",,4015615372431
37244,DRG II BR050 Steam Loco,Available,,$929.99,"$1,549.99","$1,239.99",,4015615372448
37245,DRG II BR050 Steam Loco w/Sound,Available,,"$1,124.99","$1,874.99","$1,499.99",,4015615372455
37250,DR III BR 94 Steam Loco,Q4,,$809.99,"$1,349.99","$1,079.99",,4015615372509
37251,DR III BR 94 Steam Loco w/Sound,Q4,,$959.99,"$1,599.99","$1,279.99",,4015615372516
37308,"DB III VT 98 Railbus, Single Unit",Q3,,$365.99,$609.99,$487.99,,4015615373087
37309,"DB IV BR798 Railbus & Trailer, Mint Green w/Sound",Q4,,$437.99,$729.99,$583.99,,4015615373094
37320,DB III TEE Diesel VT11.5 3-Unit Train,Available,,$869.99,"$1,449.99","$1,159.99",,4015615373209
37330,DB IV Glass Train,September,,$887.99,"$1,479.99","$1,183.99",,4015615373308
37331,DB IV Glass Train w/Sound,September,,"$1,001.99","$1,669.99","$1,335.99",,4015615373315
37400,ÖBB VI Rh1116 Taurus Electric Railjet w/Sound,Available,,$485.99,$809.99,$647.99,,4015615374008
37429,Flixtrain VI Taurus Electric,Q3,,$299.99,$499.99,$399.99,,4015615374299
37432,DR IV BR254 Crocodile Electric Loco,Available,,$599.99,$999.99,$799.99,,4015615374329
37436,DB III E94 Electric ,September,,$599.99,$999.99,$799.99,,4015615374367
37440,DB IV BR103 Electric Loco,Q4,,$539.99,$899.99,$719.99,,4015615374404
37441,DB IV BR103 Orient Red w/Bib,Available,,$539.99,$899.99,$719.99,,4015615374411
37442,RailAdventure VI BR103 Electric Loco w/Sound,Available,,$599.99,$999.99,$799.99,,4015615374428
37443,DB IV BR 103 Electric Lufthansa w/Sound,Limited,,$599.99,$999.99,$799.99,,4015615374435
37512,DB V BR 218 Diesel w/Bib w/Sound,Q3,,$449.99,$749.99,$599.99,,4015615375128
37526,"DB IV BR260 Diesel, Blue/Beige",Q3,,$299.99,$499.99,$399.99,,4015615375265
37532,DB III V36 Diesel Switcher w/Cupola,Available,,$335.99,$559.99,$447.99,,4015615375326
37543,HSB V BR 199 Harzkamel,2022,,$380.99,$634.99,$507.99,,4015615375432
37550,DB III V20 Diesel Switcher,2022,,$287.99,$479.99,$383.99,,4015615375500
37560,DB V BR204 Diesel Loco,Q3,,$380.99,$634.99,$507.99,,4015615375609
37568,DR IV BR110 Diesel Wine Red,Available,,$380.99,$634.99,$507.99,,4015615375685
37571,DR IV BR 118 Diesel 6-Axle w/Sound,Q3,,$509.99,$849.99,$679.99,,4015615375715
37576,"DR III BR V180 Diesel, 4-Axle w/Sound",Available,,$494.99,$824.99,$659.99,,4015615375760
37583,DR IV BR 132 Diesel w/Sound,Q2,,$557.99,$929.99,$743.99,,4015615375838
37590,DR IV BR106 Diesel,Q3,,$449.99,$749.99,$599.99,,4015615375906
37591,DR IV BR106 Diesel w/Sound,Available,,$593.99,$989.99,$791.99,,4015615375913
37592,DR III BR V60 Diesel w/Sound,Available,,$593.99,$989.99,$791.99,,4015615375920
37593,Press VI BR 346 Diesel w/Sound,Q3,,$593.99,$989.99,$791.99,,4015615375937
,,,,,,,,
,EUROPEAN CARS,,,,,,,
37010,SBB VI Eaos Gondola Gray,Q4,,$98.99,$164.99,$131.99,,4015615370109
37011,ÖBB V Flat w/Container,Q3,,$100.79,$167.99,$134.39,,4015615370116
37600,DB IV 3-Axle Umbau 2.Class Car,Available,,$153.59,$255.99,$204.79,,4015615376002
37601,DB IV 3-Axle Umbau 1.-2.Class Car,Available,,$153.59,$255.99,$204.79,,4015615376019
37602,DB IV 3-Axle Umbau Combine,Available,,$153.59,$255.99,$204.79,,4015615376026
37610,DB IV Umbau Work Train Car Ocean Blue,Sold Out,,$153.59,$255.99,$204.79,,4015615376101
37630,"DB IV Silver Coin Coach 1./2.Cl., Stainless",Available,,$206.99,$344.99,$275.99,,4015615376309
37631,"DB IV Silver Coin Coach 2.Cl., Stainless",Available,,$206.99,$344.99,$275.99,,4015615376316
37632,DB V 2. Cl. N-Car Mint Green,Q4,,$206.99,$344.99,$275.99,,4015615376323
37633,DB V 1./2. Cl. N-Car Mint Green,Q4,,$206.99,$344.99,$275.99,,4015615376330
37636,DB V Control Car Wittenberg Mint Green,Q4,,$251.99,$419.99,$335.99,,4015615376361
37650,DR IV Reko 2. Cl. Coach Green,Q3,,$185.99,$309.99,$247.99,,4015615376507
37651,DR IV Reko 2. Cl. Combine Green,Available,,$185.99,$309.99,$247.99,,4015615376514
37652,DR IV Reko 2. Cl. Diner MITROPA,Available,,$185.99,$309.99,$247.99,,4015615376521
37655,DR III Reko 2. Cl. Coach,Available,,$185.99,$309.99,$247.99,,4015615376552
37656,DR III Reko 2. Cl. Combine,Available,,$185.99,$309.99,$247.99,,4015615376569
37657,DR III Reko 2. Cl. Diner MITROPA,Available,,$185.99,$309.99,$247.99,,4015615376576
37660,DB IV IC Passenger Car Bpmz 2. Cl.,2022,,$215.99,$359.99,$287.99,,4015615376606
37662,DB IV 2. Cl. Coach Bpmz Orient Red,Available,,$215.99,$359.99,$287.99,,4015615376620
37663,DB IV 1. Cl. Coach Apmz Orient Red,Available,,$215.99,$359.99,$287.99,,4015615376637
37664,Flixtrain VI Coach,Available,,$215.99,$359.99,$287.99,,4015615376644
37665,ÖBB VI 2. Cl. Coach Railjet,Available,,$215.99,$359.99,$287.99,,4015615376651
37666,ÖBB VI 1. Cl. Coach Railjet,Available,,$215.99,$359.99,$287.99,,4015615376668
37667,DB IV 1. Cl. Coach Apmz,Q3,,$215.99,$359.99,$287.99,,4015615376675
37668,DB IV 2. Cl. Coach Bpmz Lufthansa,Available,,$215.99,$359.99,$287.99,,4015615376682
37680,DR IV Reko 3-Axle Coach Bage,Available,,$173.99,$289.99,$231.99,,4015615376804
37681,DR IV Reko 3-Axle Coach Bagtre,Available,,$173.99,$289.99,$231.99,,4015615376811
37682,DR IV Reko 2-Axle Coach Bage,Available,,$173.99,$289.99,$231.99,,4015615376828
37683,DR IV Reko 3-Axle Baggage Dage,Available,,$173.99,$289.99,$231.99,,4015615376835
37684,DR III Reko 3-Axle Coach Bage,Available,,$173.99,$289.99,$231.99,,4015615376842
37685,DR III Reko 3-Axle Coach Bagtre,Available,,$173.99,$289.99,$231.99,,4015615376859
37686,DR III Reko 2-Axle Coach Bage,Available,,$173.99,$289.99,$231.99,,4015615376866
37687,DR III Reko 3-Axle Baggage Dage,Available,,$173.99,$289.99,$231.99,,4015615376873
37690,DB III VS98 Railbus Trailer-Only,2022,,$185.99,$309.99,$247.99,,4015615376903
37707,DB V Flatcar,Available,,$71.99,$119.99,$95.99,,4015615377078
37720,Track Cleaning Car,Available,,$191.99,$319.99,$255.99,,4015615377207
37724,DB V Tarp Car Shimmns Cargo,Q4,,$109.79,$182.99,$146.39,,4015615377245
37746,Mercitalia VI Shimmns Tarp Car,Available,,$109.79,$182.99,$146.39,,4015615377467
37748,Wascosa VI Tarp Car Shimmns-tu718,Available,,$109.79,$182.99,$146.39,,4015615377481
37749,FS IV Gondola Eaos,Available,,$98.99,$164.99,$131.99,,4015615377498
37752,DR IV Flat w/2 20' Containers Deutrans,Available,,$173.99,$289.99,$231.99,,4015615377528
37753,DB VI Flat w/2 20' Containers,Available,,$173.99,$289.99,$231.99,,4015615377535
37773,DR IV Coal Container Car w/Brake Platform,Q4,,$101.99,$169.99,$135.99,,4015615377733
37796,DR IV Cement Silo Car Gray Chassis,Q3,,$127.79,$212.99,$170.39,,4015615377962
37800,DB III Ore Car OOt96 Brown,2022,,$43.79,$72.99,$58.39,,4015615378006
37821,DR IV Tender Snow Plow,Available,,$173.99,$289.99,$231.99,,4015615378211
37830,DR III 2-Axle Emergency Tank Car (2 Tanks),Available,,$95.99,$159.99,$127.99,,4015615378303
37840,DR IV Luggage Van Pwg88,Available,,$164.99,$274.99,$219.99,,4015615378402
37841,Measuring Car,Q3,,$419.99,$699.99,$559.99,,4015615378419
37842,DR III Baggage Car,Q4,,$164.99,$274.99,$219.99,,4015615378426
37850,DR IV Self-Unloading Hopper,Q3,,$137.99,$229.99,$183.99,,4015615378501
37920,"DB III 2-Axle 2. Cl. Coach, Green",Available,,$103.79,$172.99,$138.39,,4015615379201
37926,DR III 2-Axle Coach,Available,,$103.79,$172.99,$138.39,,4015615379263
37927,DRG II 2-Axle 3. Cl. Coach,Available,,$103.79,$172.99,$138.39,,4015615379270
37955,DR III Stock Car w/Brake Cab,Available,,$89.99,$149.99,$119.99,,4015615379553
37956,DR IV Tank Car BUNA w/Brake Platform,2022,,$92.99,$154.99,$123.99,,4015615379560
37960,DB IV 2-Axle Boxcar w/Brake Platform,Available,,$89.99,$149.99,$119.99,,4015615379607
37961,DRG II 2-Axle Boxcar w/Brake Platform,Available,,$89.99,$149.99,$119.99,,4015615379614
37962,DR III Acid Tank Car w/Brake Cab,Q3,,$104.99,$174.99,$139.99,,4015615379621
37963,DR IV 2-Axle Gondola,Available,,$79.19,$131.99,$105.59,,4015615379638
37964,DRG II 2-Axle Gondola,Available,,$79.19,$131.99,$105.59,,4015615379645
37965,DR III G10 Boxcar Born,Q3,,$92.99,$154.99,$123.99,,4015615379652
37966,DR III G10 Boxcar Fit,Q4,,$92.99,$154.99,$123.99,,4015615379669
37967,DB IV 2-Axle Tank Car Eva,Q4,,$92.99,$154.99,$123.99,,4015615379676
37970,Building Block Car,Q3,,$47.99,$79.99,$63.99,,4015615379706
,,,,,,,,
,POWER / CONTROL / DIGITAL,,,,,,,
35002,Analog Throttle 22V / 5A,Available,,$142.79,$237.99,$190.39,,4015615350026
35006,Basic Analog Throttle 22V / 1.6A + 16V DC,Available,,$65.99,$109.99,$87.99,,4015615350064
35010,Digital Central Station 22V / 5A,Available,,$239.99,$399.99,$319.99,,4015615350101
35013,Switch Decoder,Available,,$98.99,$164.99,$131.99,,4015615350132
35015,Digital Booster 22V / 5A,Available,,$245.99,$409.99,$327.99,,4015615350156
35016,"Switch Decoder, 1 Channel",Available,,$56.99,$94.99,$75.99,,4015615350163
35020,Transformer 120V / 20V / 6A,Available,,$77.99,$129.99,$103.99,,4015615350200
35024,Transformer 120V / 24V / 5A,Available,,$77.99,$129.99,$103.99,,4015615350248
35025,Transformer 120V / 24VDC / 1.9A,Available,,$38.99,$64.99,$51.99,,4015615350057
35027,45 Watt Power Set 120V ,Available,,$77.99,$129.99,$103.99,,4015615350279
35028,"R/C Analog Power Set, 5A / 120V",Available,,$122.99,$204.99,$163.99,,4015615350286
35030,Analog Reversing Unit,Available,,$131.99,$219.99,$175.99,,4015615350309
35037,Navigator Remote 2.4GHz (Use Only w/35038) ,Available,,$233.99,$389.99,$311.99,,4015615350378
35038,Wireless Receiver 2.4Ghz (Use Only w/35037),Available,,$109.79,$182.99,$146.39,,4015615350385
35040,"R/C Loco Receiver, 3.5A, w/Pocket Remote",Available,,$65.99,$109.99,$87.99,,4015615350408
35041,R/C Pocket Remote,Available,,$18.59,$30.99,$24.79,,4015615350415
35042,R/C Loco Receiver 5A Pure DC w/Remote,Q3,,$71.99,$119.99,$95.99,,4015615350422
,,,,,,,,
,DECODERS / SOUND / LIGHTS / SMOKE,,,,,,,
36012,Wired LED for BR218,Q3,,$12.59,$20.99,$16.79,,4015615360124
36013,Wired LED for 0-6-0,Available,,$12.59,$20.99,$16.79,,4015615360131
36014,V60 Light Set - 6 LEDs,Available,,$25.19,$41.99,$33.59,,4015615360148
36015,V100/V199 Replacement Light Set - 6 LEDs,Available,,$25.19,$41.99,$33.59,,4015615360155
36016,V100/V199 Add-On Rear Light Set - 4 LEDs,Available,,$29.99,$49.99,$39.99,,4015615360162
36017,Interior light for BR 132,Available,,$11.39,$18.99,$15.19,,4015615360179
36123,SmartDecoder 4.1 Taurus/BR218,Sold Out,,$104.99,$174.99,$139.99,,4015615361237
36125,SmartDecoder 4.1,Sold Out,,$98.99,$164.99,$131.99,,4015615361251
36130,"Interior Light, Railbus & Trailer",Available,,$83.99,$139.99,$111.99,,4015615361305
36131,"Interior Light, Umbau Cars",Available,,$59.99,$99.99,$79.99,,4015615361312
36132,"Interior Light, Silver Coin Cars",Available,,$50.39,$83.99,$67.19,,4015615361329
36133,"Interior Light, VT 11.5 End Car",Available,,$48.59,$80.99,$64.79,,4015615361336
36134,"Interior Light, VT 11.5 Middle Car",Available,,$59.99,$99.99,$79.99,,4015615361343
36135,"Interior Light, American Wood Passenger Cars",Available,,$32.99,$54.99,$43.99,,4015615361350
36136,"Interior Light, Drovers Caboose",Available,,$32.99,$54.99,$43.99,,4015615361367
36137,"Interior Light, Reko Coach",Available,,$37.19,$61.99,$49.59,,4015615361374
36138,"Interior Light, Reko Combine",Available,,$39.59,$65.99,$52.79,,4015615361381
36139,"Interior Light, Silver Coin Control Cars",Available,,$53.39,$88.99,$71.19,,4015615361398
36142,Smoke Unit 5V,Available,,$29.99,$49.99,$39.99,,4015615361428
36143,Voltage Regulator 5V,Available,,$23.39,$38.99,$31.19,,4015615361435
36190,Sound Kit Taurus Requires Decoder,Very Limited,,$131.99,$219.99,$175.99,,4015615361909
36191,Sound Kit BR 218 Requires Decoder,Sold Out,,$131.99,$219.99,$175.99,,4015615361916
36192,Sound Kit Railbus Requires Decoder,Limited,,$131.99,$219.99,$175.99,,4015615361923
36193,Sound Kit BR80 Requires Decoder,Sold Out,,$131.99,$219.99,$175.99,,4015615361930
36194,"BR80 Steam Sound Kit, Analog",Available,,$86.99,$144.99,$115.99,,4015615361947
36195,Sound Kit V60 Requires Decoder,Very Limited,,$131.99,$219.99,$175.99,,4015615361954
36196,Sound Kit BR199/204 Requires Decoder,Very Limited,,$131.99,$219.99,$175.99,,4015615361961
36197,Sound Kit BR194 Requires Decoder,Limited,,$131.99,$219.99,$175.99,,4015615361978
36199,Sound Kit TEE Diesel Requires Decoder,Limited,,$176.99,$294.99,$235.99,,4015615361992
36220,"American Steam Sound Kit, DC/DCC",Available,,$134.99,$224.99,$179.99,,4015615362203
36221,"American Steam Sound Kit, Analog",Available,,$80.99,$134.99,$107.99,,4015615362210
36222,Sound Kit BR64 Requires Decoder,Sold Out,,$131.99,$219.99,$175.99,,4015615362227
36223,Sound Kit TEE Turbine Requires Decoder,Very Limited,,$176.99,$294.99,$235.99,,4015615362234
36224,Sound Kit V36 Requires Decoder,Limited,,$131.99,$219.99,$175.99,,4015615362241
36227,Sound Kit BR 118 Requires Decoder,Limited,,$131.99,$219.99,$175.99,,4015615362272
36228,Sound Kit BR 95,Limited,,$131.99,$219.99,$175.99,,4015615362289
36229,Sound Kit BR 103 Electric,Very Limited,,$131.99,$219.99,$175.99,,4015615362296
36230,"SmartSound 4.1 Kit, BR50 (Requires 36125 Decoder)",Limited,,$131.99,$219.99,$175.99,,4015615362302
36233,"Sound Kit, BR106 Diesel",Limited,,$131.99,$219.99,$175.99,,4015615362333
36250,"Interior & Marker Light, Work Caboose",Available,,$32.99,$54.99,$43.99,,4015615362500
36500,SmartDecoder XP 5.1,Q3,,$65.99,$109.99,$87.99,,4015615365006
36505,"SmartSound Decoder Kit XP 5.1, Programmable",Q3,,$137.99,$229.99,$183.99,,4015615365051
36510,"XP 5.1 Decoder Connector PCB, Standard",Q3,,$17.99,$29.99,$23.99,,4015615365105
36511,"XP 5.1 Decoder Connector PCB, Taurus/BR218",Q3,,$17.99,$29.99,$23.99,,4015615365112
36512,"XP 5.1 Decoder Connector PCB, BR80",Q3,,$17.99,$29.99,$23.99,,4015615365129
36521,"SmartSound Decoder Kit XP 5.1, BR94",Q3,,$149.99,$249.99,$199.99,,4015615365211
36522,"SmartSound Decoder Kit XP 5.1, BR24/BR64",Q3,,$149.99,$249.99,$199.99,,4015615365228
36524,"SmartSound Decoder Kit XP 5.1, V20/V36",Q3,,$149.99,$249.99,$199.99,,4015615365242
36526,"SmartSound Decoder Kit XP 5.1, BR132",Q3,,$149.99,$249.99,$199.99,,4015615365266
36527,"SmartSound Decoder Kit XP 5.1, BR118",Q3,,$149.99,$249.99,$199.99,,4015615365273
36528,"SmartSound Decoder Kit XP 5.1, BR95",Q3,,$149.99,$249.99,$199.99,,4015615365280
36529,"SmartSound Decoder Kit XP 5.1, BR103",Q3,,$149.99,$249.99,$199.99,,4015615365297
36530,"SmartSound Decoder Kit XP 5.1, BR50",Q3,,$149.99,$249.99,$199.99,,4015615365303
36533,"SmartSound Decoder Kit XP 5.1, BR106",Q3,,$149.99,$249.99,$199.99,,4015615365334
36534,"SmartSound Decoder Kit XP 5.1, Taurus",Q3,,$149.99,$249.99,$199.99,,4015615365341
36535,"SmartSound Decoder Kit XP 5.1, BR218",Q3,,$149.99,$249.99,$199.99,,4015615365358
36536,"SmartSound Decoder Kit XP 5.1, Railbus",Q3,,$149.99,$249.99,$199.99,,4015615365365
36537,"SmartSound Decoder Kit XP 5.1, BR80",Q3,,$149.99,$249.99,$199.99,,4015615365372
36539,"SmartSound Decoder Kit XP 5.1, V60/BR260",Q3,,$149.99,$249.99,$199.99,,4015615365396
36540,"SmartSound Decoder Kit XP 5.1, V100/BR199",Q3,,$149.99,$249.99,$199.99,,4015615365402
36541,"SmartSound Decoder Kit XP 5.1, BR194",Q3,,$149.99,$249.99,$199.99,,4015615365419
36543,"SmartSound Decoder Kit XP 5.1, TEE Diesel",Q3,,$167.99,$279.99,$223.99,,4015615365433
,,,,,,,,
,SMOKE FLUID / GREASE / GLUE / OIL,,,,,,,
36210,"Smoke & Cleaning Fluid, 250ml",Available,,$14.39,$23.99,$19.19,,4015615362104
36215,Conductive Paste,Available,,$11.99,$19.99,$15.99,,4015615362159
36216,Gear Grease,Available,,$11.99,$19.99,$15.99,,4015615362166
55701,PIKO-FIX Plastic Cement 30g,Available,,$7.19,$11.99,$9.59,,4015615557012
56301,Oil for Locos 50ml,Available,,$8.09,$13.49,$10.79,,4015615563013
,,,,,,,,
,PARTS & ACCESSORIES,,,,,,,
36000,Motor for 4 Wheel Gearbox,Available,,$59.99,$99.99,$79.99,,4015615360001
36001,Motor for 6 Wheel Gearbox,Available,,$59.99,$99.99,$79.99,,4015615360018
36004,Motor with Worm Gear BR194,Available,,$67.79,$112.99,$90.39,,4015615360049
36005,Motor with Worm Gear Mogul,Available,,$67.79,$112.99,$90.39,,4015615360056
36006,"BB Motor BR194, Taurus. V100, BR218",Available,,$71.99,$119.99,$95.99,,4015615360063
36007,"BB Motor Mogul, 0-6-0, BR80, BR199, VT11.5",Available,,$71.99,$119.99,$95.99,,4015615360070
36008,BB Motor for Railbus,Available,,$71.99,$119.99,$95.99,,4015615360087
36009,BB Motor for V60,Available,,$71.99,$119.99,$95.99,,4015615360094
36020,BB Motor for BR64,Available,,$86.99,$144.99,$115.99,,4015615360209
36030,Standard Loco Coupler 1 Pc,Available,,$7.19,$11.99,$9.59,,4015615360308
36032,"12-Pole Electrical Plug Coupler, 1 Pr",Available,,$16.79,$27.99,$22.39,,4015615360322
36033,"Plug Coupler, Non-Electrical, 1 Pr",Available,,$8.99,$14.99,$11.99,,4015615360339
36039,Uncoupling Wand,Available,,$5.39,$8.99,$7.19,,4015615360391
36040,Traction Tire Mogul & V60 4 Pcs,Available,,$11.39,$18.99,$15.19,,4015615360407
36041,Traction Tire BR218 4 Pcs,Available,,$11.39,$18.99,$15.19,,4015615360414
36042,"Traction Tire BR64, 4 Pcs",Limited,,$11.39,$18.99,$15.19,,4015615360421
36044,"Traction Tires, 25-Ton Diesel, 4 Pcs",Available,,$11.39,$18.99,$15.19,,4015615360445
36050,"Arch Bar Freight Trucks, 1 Pr",Available,,$8.69,$14.49,$11.59,,4015615360506
36051,"Bettendorf Freight Trucks, 1 Pr",Available,,$8.69,$14.49,$11.59,,4015615360513
36052,"American Passenger Trucks, 1 Pr",Available,,$8.69,$14.49,$11.59,,4015615360520
36070,Traction Wheelset Taurus,Available,,$18.89,$31.49,$25.19,,4015615360704
36071,Traction Wheelset BR218,Available,,$18.89,$31.49,$25.19,,4015615360711
36072,"BB Traction Wheelset, Taurus",Q3,,$24.59,$40.99,$32.79,,4015615360728
36073,"BB Wheelset, Taurus",Q3,,$23.99,$39.99,$31.99,,4015615360735
36074,"BB Traction Wheelset, BR218, V100",Limited,,$24.59,$40.99,$32.79,,4015615360742
36075,"BB Wheelset, BR218, V100",Q3,,$23.99,$39.99,$31.99,,4015615360759
36076,"BB Geared Wheelset, BR80, Red",Available,,$23.99,$39.99,$31.99,,4015615360766
36077,"Center Wheelset, BR80, Red",Available,,$20.39,$33.99,$27.19,,4015615360773
36078,"BB Geared Wheelset, 0-6-0T, Black",Available,,$23.99,$39.99,$31.99,,4015615360780
36079,"Center Wheelset, 0-6-0T, Black",Available,,$20.39,$33.99,$27.19,,4015615360797
36080,"BB Geared Wheelset, BR194, Black",Available,,$23.99,$39.99,$31.99,,4015615360803
36081,"BB Traction Wheelset, BR194, Black",Available,,$25.19,$41.99,$33.59,,4015615360810
36082,"BB Plated Wheelset BR194, Black",Available,,$23.99,$39.99,$31.99,,4015615360827
36083,"BB Plated Traction Wheelset BR194, Black",Available,,$25.19,$41.99,$33.59,,4015615360834
36084,"BB Plated Wheelset BR194, Red",Available,,$23.99,$39.99,$31.99,,4015615360841
36085,"BB Plated Traction Wheelset BR194, Red",Available,,$25.19,$41.99,$33.59,,4015615360858
36090,"Screws, 20 Pcs, 5 Sizes",Available,,$7.19,$11.99,$9.59,,4015615360902
36091,Crankpins - 45mm Mogul Wheels,Available,,$8.69,$14.49,$11.59,,4015615360919
36093,Crankpins - 36.5mm Starter Set Wheels,Available,,$8.69,$14.49,$11.59,,4015615360933
36094,Crankpins - 36.5mm BR80 Loco Wheels,Available,,$8.69,$14.49,$11.59,,4015615360940
36104,"BB Motor Block, Taurus",Available,,$83.99,$139.99,$111.99,,4015615361046
36105,"BB Motor Block, BR218, V100",Available,,$83.99,$139.99,$111.99,,4015615361053
36106,"BB Motor Block, BR80, Red",Available,,$83.99,$139.99,$111.99,,4015615361060
36107,"BB Motor Block, 0-6-0T, Black",Available,,$83.99,$139.99,$111.99,,4015615361077
36108,"BB Retrofit Motor Block BR194, Red Wheels",Limited,,$83.99,$139.99,$111.99,,4015615361084
36109,"BB Motor Block, Mogul, New Style",Available,,$83.99,$139.99,$111.99,,4015615361091
36110,Pickup Shoes Standard 2 Pcs,Available,,$8.39,$13.99,$11.19,,4015615361107
36111,Wheel Wipers 4 Wheel Gearbox,Available,,$9.29,$15.49,$12.39,,4015615361114
36112,Wheel Wipers 6 Wheel Gearbox,Available,,$9.29,$15.49,$12.39,,4015615361121
36113,Wheel Wipers Railbus,Available,,$9.29,$15.49,$12.39,,4015615361138
36114,Pickup Shoes Railbus,Available,,$9.29,$15.49,$12.39,,4015615361145
36115,Wheel Wipers V60 R and L,Available,,$19.79,$32.99,$26.39,,4015615361152
36117,Pickup Shoes BR194 2 Pcs,Available,,$10.79,$17.99,$14.39,,4015615361176
36118,"Carbon Brushes, 6 Pcs",Available,,$26.99,$44.99,$35.99,,4015615361183
36145,Pantograph Servo Motor,Available,,$26.99,$44.99,$35.99,,4015615361459
36150,Single-Arm Pantograph - Plastic,Available,,$25.79,$42.99,$34.39,,4015615361503
36151,Scissor Pantograph - Metal BR194,Available,,$55.79,$92.99,$74.39,,4015615361510
36160,Plastic Wheelset 2 Pcs,Available,,$12.59,$20.99,$16.79,,4015615361602
36162,Plastic Wheelset Umbau Cars 3 Pcs,Available,,$17.39,$28.99,$23.19,,4015615361626
36164,"Metal Wheelset, 30mm, Plated, 2 Pcs",Available,,$14.99,$24.99,$19.99,,4015615361640
36165,"Metal Wheelset, 35mm, Plated, 2 Pcs",Available,,$19.19,$31.99,$25.59,,4015615361657
36166,"Metal Wheelset, 30mm, Plated, Red, 2 Pcs",Available,,$14.99,$24.99,$19.99,,4015615361664
36167,"BB Metal Wheelsets w/Pickups, 30mm, 2 Pcs",Available,,$32.99,$54.99,$43.99,,4015615361671
36168,"BB Metal Wheelsets w/Pickups, 35mm, 2 Pcs",Available,,$38.99,$64.99,$51.99,,4015615361688
36170,Geared Wheelset Taurus,Available,,$19.79,$32.99,$26.39,,4015615361701
36171,Geared Wheelset BR218 & Railbus,Available,,$19.79,$32.99,$26.39,,4015615361718
36172,Geared Wheelset BR80,Available,,$21.59,$35.99,$28.79,,4015615361725
36173,Idler Wheelset BR80,Available,,$20.39,$33.99,$27.19,,4015615361732
36174,Geared Wheelset 0-6-0,Available,,$21.59,$35.99,$28.79,,4015615361749
36175,Idler Wheelset 0-6-0,Available,,$20.39,$33.99,$27.19,,4015615361756
36176,Geared Wheelset V 60,Available,,$20.39,$33.99,$27.19,,4015615361763
36177,Traction Wheelset BR260,Available,,$20.39,$33.99,$27.19,,4015615361770
36178,"BB Geared Wheelset, BR194, Red",Available,,$25.19,$41.99,$33.59,,4015615361787
36179,"BB Traction Wheelset, BR194, Red",Available,,$26.39,$43.99,$35.19,,4015615361794
36180,Idler Gear 4 Wheel Gearbox 2 Pcs,Available,,$7.19,$11.99,$9.59,,4015615361800
36181,Idler Gear 6 Wheel Gearbox 3 Pc Set,Available,,$7.19,$11.99,$9.59,,4015615361817
36182,"Idler Gear for BB BR194 Motor 36006, 3 Pc Set",Available,,$7.19,$11.99,$9.59,,4015615361824
36183,"Idler Gear for BB Mogul Motor 36007, 3 Pc Set",Available,,$7.19,$11.99,$9.59,,4015615361831
36184,"Idler Gear for BR64, 2 Pc Set",Available,,$7.19,$11.99,$9.59,,4015615361848
36200,Engineer Figure,Available,,$12.59,$20.99,$16.79,,4015615362005
36320,Extra Weight for BR 132 (2 pcs.),Available,,$52.79,$87.99,$70.39,,4015615363200
,,,,,,,,
,BUILT-UP BUILDINGS & QWIK-KITS,,,,,,,
62265,North Pole Station Built-Up,Available,,$89.99,$149.99,$119.99,,4015615622659
62700,Green River Station Built-Up,Available,,$79.79,$132.99,$106.39,,4015615627005
62701,Old West Water Tower Built-Up,Available,,$76.79,$127.99,$102.39,,4015615627012
62702,North Pole Water Tower Built-Up,Available,,$79.79,$132.99,$106.39,,4015615627029
62703,Santa's House Built-Up,Available,,$123.59,$205.99,$164.79,,4015615627036
62705,PIKO Train Shop Built-Up,Available,,$89.99,$149.99,$119.99,,4015615627050
62706,Wildwood Church Built-Up,Available,,$123.59,$205.99,$164.79,,4015615627067
62707,Hill's Gingerbread House Built-Up,Available,,$89.99,$149.99,$119.99,,4015615627074
62708,Washburn's Gingerbread House Built-Up,Available,,$89.99,$149.99,$119.99,,4015615627081
62709,River City Station Built-Up,Available,,$79.79,$132.99,$106.39,,4015615627098
62710,River City Water Tower Built-Up ,Available,,$76.79,$127.99,$102.39,,4015615627104
62714,River City Squires' Livery Built-Up,Available,,$89.99,$149.99,$119.99,,4015615627142
62715,River City Shinn's Billiard Parlor Built-Up,Available,,$89.99,$149.99,$119.99,,4015615627159
62716,River City Tommy's Cabin Built-Up,Available,,$98.99,$164.99,$131.99,,4015615627166
62717,River City School House Built-Up,Available,,$123.59,$205.99,$164.79,,4015615627173
62718,Railroad Tool Shed 2-Pack Built-Up,Available,,$71.99,$119.99,$95.99,,4015615627180
62719,Outhouse 2-Pack Built-Up,Available,,$55.79,$92.99,$74.39,,4015615627197
62721,Qwik-Kit Music Shop,Available,,$80.99,$134.99,$107.99,,4015615627210
62722,Qwik-Kit Village Furniture,Available,,$80.99,$134.99,$107.99,,4015615627227
62723,Qwik-Kit Daily Grind Coffee,Available,,$80.99,$134.99,$107.99,,4015615627234
62724,Qwik-Kit Book Worm Book Shop,Available,,$80.99,$134.99,$107.99,,4015615627241
62725,Joe's Shoe Repair Built-Up,Available,,$89.99,$149.99,$119.99,,4015615627258
62726,River City Buffalo Bill's Barber Shop Built-Up,Available,,$89.99,$149.99,$119.99,,4015615627265
,,,,,,,,
,BUILDING KITS,,,,,,,
62001,Sonneberg Loco Shed,Available,,$218.99,$364.99,$291.99,,4015615620013
62002,Automatic Door Closer,Available,,$79.19,$131.99,$105.59,,4015615620020
62004,Covered Platform,Available,,$110.99,$184.99,$147.99,,4015615620044
62005,Set of Baseplates,Available,,$58.79,$97.99,$78.39,,4015615620051
62006,Set of Platform Plates,Available,,$51.59,$85.99,$68.79,,4015615620068
62007,Loco Shed Extension for 62001,Available,,$74.99,$124.99,$99.99,,4015615620075
62008,Sonneberg Goods Depot,Available,,$173.99,$289.99,$231.99,,4015615620082
62009,Gravel Works Main Building,Available,,$197.99,$329.99,$263.99,,4015615620099
62010,Gravel Works Side Building,Available,,$85.79,$142.99,$114.39,,4015615620105
62011,Auto Loader for Gravel Works,Available,,$85.79,$142.99,$114.39,,4015615620112
62012,Gazebo,Available,,$85.79,$142.99,$114.39,,4015615620129
62013,Brewery Accessories,Available,,$51.59,$85.99,$68.79,,4015615620136
62014,Brewery Main Building,Available,,$182.99,$304.99,$243.99,,4015615620143
62015,Brewery Side Building,Available,,$112.79,$187.99,$150.39,,4015615620150
62016,Brewery Chimney,Available,,$75.59,$125.99,$100.79,,4015615620167
62017,Boiler House,Available,,$76.79,$127.99,$102.39,,4015615620174
62018,Power Substation,Available,,$112.79,$187.99,$150.39,,4015615620181
62019,Mr Manns Can Factory,Available,,$165.59,$275.99,$220.79,,4015615620198
62021,Freds Snack Bar,Available,,$52.79,$87.99,$70.39,,4015615620211
62022,Beer Garden Cafe,Available,,$134.99,$224.99,$179.99,,4015615620228
62023,The Mansion,Available,,$200.99,$334.99,$267.99,,4015615620235
62028,Union Station,Available,,$184.79,$307.99,$246.39,,4015615620280
62029,Blue Creek Valley Station,Available,,$121.79,$202.99,$162.39,,4015615620297
62030,Neustadt Station,Available,,$170.99,$284.99,$227.99,,4015615620303
62032,Railway Footbridge,Available,,$89.99,$149.99,$119.99,,4015615620327
62033,Rosenbach Signal Bridge,Available,,$86.99,$144.99,$115.99,,4015615620334
62034,CoOp Storage Warehouse,Available,,$164.99,$274.99,$219.99,,4015615620341
62035,CoOp Grain Elevator,Available,,$184.79,$307.99,$246.39,,4015615620358
62036,CoOp Silo,Available,,$158.99,$264.99,$211.99,,4015615620365
62037,Tank Depot Office,Available,,$71.39,$118.99,$95.19,,4015615620372
62038,Fuel Tank High,2022,,$160.79,$267.99,$214.39,,4015615620389
62039,Fuel Tank Low,2022,,$146.99,$244.99,$195.99,,4015615620396
62040,Rosenbach Station,Available,,$122.39,$203.99,$163.19,,4015615620402
62041,Rosenbach Switch Tower,Available,,$122.39,$203.99,$163.19,,4015615620419
62042,Rosenbach Engine Shed,Available,,$158.99,$264.99,$211.99,,4015615620426
62043,Tiefenbach Station,Available,,$184.79,$307.99,$246.39,,4015615620433
62044,Red River Loco Shed,Available,,$122.39,$203.99,$163.19,,4015615620440
62046,Refinery Burn Off Plant,Available,,$194.99,$324.99,$259.99,,4015615620464
62047,Refinery Cracking Plant,2022,,$268.79,$447.99,$358.39,,4015615620471
62048,Refinery Storage Tanks,Available,,$112.79,$187.99,$150.39,,4015615620488
62049,Refinery Loading Dock,Available,,$122.99,$204.99,$163.99,,4015615620495
62050,Kings Half Timber House,Available,,$140.99,$234.99,$187.99,,4015615620501
62051,Rosenbach Water Mill,Available,,$158.99,$264.99,$211.99,,4015615620518
62052,Motor for Water Mill 62051,Available,,$86.39,$143.99,$115.19,,4015615620525
62053,Franks Half Timbered House,Available,,$149.99,$249.99,$199.99,,4015615620532
62054,German Embassy,Available,,$200.99,$334.99,$267.99,,4015615620549
62056,Schwarz Coal Supply,Available,,$193.79,$322.99,$258.39,,4015615620563
62057,Beates Pottery,Available,,$149.99,$249.99,$199.99,,4015615620570
62058,Blue Creek Valley Water Mill,Available,,$158.99,$264.99,$211.99,,4015615620587
62059,Saint Ursula Chapel,Available,,$127.79,$212.99,$170.39,,4015615620594
62064,The Village Gramss Bakery,Available,,$74.99,$124.99,$99.99,,4015615620648
62065,The Village Bauer Florist,Available,,$74.99,$124.99,$99.99,,4015615620655
62066,The Village Medicine Dr Lang,Available,,$74.99,$124.99,$99.99,,4015615620662
62067,Garden City Sunny Pharmacy,Available,,$74.99,$124.99,$99.99,,4015615620679
62068,Garden City Gunillas Hair,Available,,$74.99,$124.99,$99.99,,4015615620686
62072,House Under Renovation,Available,,$167.99,$279.99,$223.99,,4015615620723
62073,Brendas Brick House,Available,,$137.99,$229.99,$183.99,,4015615620730
62074,Streitberg Passenger Shelter,Available,,$100.79,$167.99,$134.39,,4015615620747
62075,Diesel Loco Fuel Station,Available,,$62.99,$104.99,$83.99,,4015615620754
62076,Coaling Station,Available,,$112.79,$187.99,$150.39,,4015615620761
62077,Loading Crane,Available,,$112.79,$187.99,$150.39,,4015615620778
62078,Mels Fix It Shop,Available,,$137.99,$229.99,$183.99,,4015615620785
62103,Bait & Tackle Shop,Available,,$137.99,$229.99,$183.99,,4015615621034
62104,Dr Reynolds Country Home,Available,,$112.79,$187.99,$150.39,,4015615621041
62105,Santa Fe Station,Available,,$194.99,$324.99,$259.99,,4015615621058
62106,Santa Fe Medical Center,Available,,$97.19,$161.99,$129.59,,4015615621065
62108,Mission San Antonio,Available,,$145.79,$242.99,$194.39,,4015615621089
62109,Saint Bonifaz Chapel,Available,,$127.79,$212.99,$170.39,,4015615621096
62110,Red Barn,Available,,$160.79,$267.99,$214.39,,4015615621102
62111,Trading Post,Available,,$125.99,$209.99,$167.99,,4015615621119
62112,Old Fallsington Feed & Seed,Available,,$139.79,$232.99,$186.39,,4015615621126
62113,Utility Buildings,Available,,$70.79,$117.99,$94.39,,4015615621133
62114,White Knight Hamburgers,Available,,$197.99,$329.99,$263.99,,4015615621140
62116,Covered Bridge,Available,,$97.19,$161.99,$129.59,,4015615621164
62117,Fresh Produce Stand,Available,,$58.19,$96.99,$77.59,,4015615621171
62118,Sausage Shop,Available,,$58.19,$96.99,$77.59,,4015615621188
62119,Cheese Shop,Available,,$58.19,$96.99,$77.59,,4015615621195
62120,White Barn,Available,,$148.79,$247.99,$198.39,,4015615621201
62200,Santas Work Shop,Available,,$62.99,$104.99,$83.99,,4015615622000
62201,Robins Toy Shop,Available,,$62.99,$104.99,$83.99,,4015615622017
62202,The Village Inn,Available,,$62.99,$104.99,$83.99,,4015615622024
62203,Saint Thomas Church,Available,,$62.99,$104.99,$83.99,,4015615622031
62204,Jennys Clothing,Available,,$98.99,$164.99,$131.99,,4015615622048
62207,Dr Goldstein Pharmacy,Available,,$98.99,$164.99,$131.99,,4015615622079
62208,Bills Body Shop,Available,,$98.99,$164.99,$131.99,,4015615622086
62209,Grizzly Flats Station,Available,,$173.99,$289.99,$231.99,,4015615622093
62210,Rio Grande Water Tower,Available,,$142.79,$237.99,$190.39,,4015615622109
62212,Sandys Candies,Available,,$62.99,$104.99,$83.99,,4015615622123
62213,Post Office,Available,,$62.99,$104.99,$83.99,,4015615622130
62214,Fire Station Number 9,Available,,$62.99,$104.99,$83.99,,4015615622147
62215,White Schoolhouse,Available,,$62.99,$104.99,$83.99,,4015615622154
62216,Sheriffs Office,Available,,$62.99,$104.99,$83.99,,4015615622161
62217,Dentist,Available,,$62.99,$104.99,$83.99,,4015615622178
62218,Saloon,Available,,$62.99,$104.99,$83.99,,4015615622185
62219,Davids Barber Shop,Available,,$98.99,$164.99,$131.99,,4015615622192
62220,Pauls Dry Goods,Available,,$98.99,$164.99,$131.99,,4015615622208
62221,Aunt Beas Farmhouse,Available,,$143.99,$239.99,$191.99,,4015615622215
62222,Fire Post,Available,,$97.49,$162.49,$129.99,,4015615622222
62223,Black Hill Saloon,Available,,$145.79,$242.99,$194.39,,4015615622239
62224,Pony Express Cabin,Available,,$98.99,$164.99,$131.99,,4015615622246
62225,City Sheriff,Available,,$98.99,$164.99,$131.99,,4015615622253
62226,Uncle Sams Farmhouse,Available,,$83.99,$139.99,$111.99,,4015615622260
62227,Dans Burger,Available,,$97.19,$161.99,$129.59,,4015615622277
62228,Red River Station,Available,,$70.79,$117.99,$94.39,,4015615622284
62229,Country Church,Available,,$95.99,$159.99,$127.99,,4015615622291
62230,Clear Water Station,Available,,$173.99,$289.99,$231.99,,4015615622307
62231,Durango Water Tower,Available,,$142.79,$237.99,$190.39,,4015615622314
62232,Track Inspection Shed,Available,,$97.79,$162.99,$130.39,,4015615622321
62233,Bijou Theatre,Available,,$103.79,$172.99,$138.39,,4015615622338
62234,General Store,Available,,$62.99,$104.99,$83.99,,4015615622345
62235,ACME Liquor Store,Available,,$62.99,$104.99,$83.99,,4015615622352
62236,ACME Hardware Store,Available,,$62.99,$104.99,$83.99,,4015615622369
62237,Leather Goods and Boots,Available,,$62.99,$104.99,$83.99,,4015615622376
62238,Kings Gingerbread House,Available,,$59.99,$99.99,$79.99,,4015615622383
62239,Adams Gingerbread House,Available,,$59.99,$99.99,$79.99,,4015615622390
62240,Lewis Gingerbread House,Available,,$59.99,$99.99,$79.99,,4015615622406
62242,Fire Department Number 6,Available,,$158.99,$264.99,$211.99,,4015615622420
62243,Little Red School House,Available,,$95.99,$159.99,$127.99,,4015615622437
62246,Outhouse,Available,,$25.79,$42.99,$34.39,,4015615622468
62247,Stable,Available,,$95.99,$159.99,$127.99,,4015615622475
62248,Grandpas Farmhouse,Available,,$143.99,$239.99,$191.99,,4015615622482
62249,Cousin Janes Farmhouse,Available,,$83.99,$139.99,$111.99,,4015615622499
62250,Downtown Diner,Available,,$142.79,$237.99,$190.39,,4015615622505
62251,Filling Station,Available,,$175.09,$291.89,$233.51,,4015615622512
62252,Las Cruces Train Station,Available,,$194.99,$324.99,$259.99,,4015615622529
62253,Las Cruces Church,Available,,$145.79,$242.99,$194.39,,4015615622536
62254,Las Cruces Town Building,Available,,$97.19,$161.99,$129.59,,4015615622543
62256,Gingerbread Craft Shop,Available,,$60.59,$100.99,$80.79,,4015615622567
62257,Farmers State Bank,Available,,$98.99,$164.99,$131.99,,4015615622574
62258,Doras Bakery,Available,,$98.99,$164.99,$131.99,,4015615622581
62259,Peters Motorcycle Shop,Available,,$142.79,$237.99,$190.39,,4015615622598
62260,California Hotel,Available,,$184.79,$307.99,$246.39,,4015615622604
62261,Log Cabins 2 Pcs,Available,,$46.79,$77.99,$62.39,,4015615622611
62262,Brads Fishing Cabin,Available,,$97.19,$161.99,$129.59,,4015615622628
62264,TEXACO Gas Station,Available,,$91.79,$152.99,$122.39,,4015615622642
62266,Michael's Emporium,Available,,$121.79,$202.99,$162.39,,4015615622666
62267,Hudson's Dry Goods,Available,,$121.79,$202.99,$162.39,,4015615622673
,,,,,,,,
,BUILDING ACCESSORIES,,,,,,,
55757,Building Interior Light 19V 4 Pcs,Available,,$11.39,$18.99,$15.19,,4015615557579
55758,Light Bulb 19V E5.5 10 Pcs,Available,,$19.19,$31.99,$25.59,,4015615557586
62090,Street Lamp,Available,,$22.19,$36.99,$29.59,,4015615620907
62091,House Light,Available,,$13.79,$22.99,$18.39,,4015615620914
62280,Split Rail Fence,Available,,$24.59,$40.99,$32.79,,4015615622802
62281,Side Walks,Available,,$25.19,$41.99,$33.59,,4015615622819
62282,Café Table & Bench 3 Sets,Available,,$22.19,$36.99,$29.59,,4015615622826
62283,Row Boat,Available,,$17.39,$28.99,$23.19,,4015615622833
62284,Antique Gas Pump & Accessories,Available,,$23.39,$38.99,$31.19,,4015615622840
62285,5 Park Benches,Available,,$16.19,$26.99,$21.59,,4015615622857
62286,Texaco Gas Pump & Accessories,Available,,$23.39,$38.99,$31.19,,4015615622864
62287,Loading Dock for Goods Sheds,Available,,$31.19,$51.99,$41.59,,4015615622871
62288,Brick Factory Walls,Available,,$50.39,$83.99,$67.19,,4015615622888
62289,Factory Gate,Available,,$50.39,$83.99,$67.19,,4015615622895
62290,Industrial Fence,Available,,$50.39,$83.99,$67.19,,4015615622901
62291,White Wooden Fence,Available,,$25.19,$41.99,$33.59,,4015615622918
62293,Work Shop Accessory Set,Available,,$25.19,$41.99,$33.59,,4015615622932
62294,Soft Drink Crates,Available,,$38.99,$64.99,$51.99,,4015615622949
62295,Rocking Chairs Set of 2,Available,,$20.99,$34.99,$27.99,,4015615622956
62296,Pallets & Cartons,Available,,$41.39,$68.99,$55.19,,4015615622963
62297,"Mailboxes, 4 Pieces",Available,,$10.49,$17.49,$13.99,,4015615622970
62800,Components Doors,Limited,,$40.79,$67.99,$54.39,,4015615628002
62801,Components Metal Roofs,Available,,$52.19,$86.99,$69.59,,4015615628019
62802,Components Shingle Roofs,Available,,$52.19,$86.99,$69.59,,4015615628026
62803,Components Tiled Roofs,Available,,$52.19,$86.99,$69.59,,4015615628033
62804,Components Brewery Windows,Available,,$40.79,$67.99,$54.39,,4015615628040
62805,Components Windows & Shutters,Available,,$40.79,$67.99,$54.39,,4015615628057
62806,Components Windows & Door,Available,,$40.79,$67.99,$54.39,,4015615628064
62807,Components Arch-Top Windows,Available,,$40.79,$67.99,$54.39,,4015615628071
62808,Components Brewery Corners,Available,,$40.79,$67.99,$54.39,,4015615628088
62809,Components Stone Walls,Available,,$52.19,$86.99,$69.59,,4015615628095
62810,Components Wooden Walls,Available,,$40.79,$67.99,$54.39,,4015615628101
62811,Components Brewery Walls,Limited,,$52.19,$86.99,$69.59,,4015615628118
62812,Components Chimneys Assorted,Available,,$40.79,$67.99,$54.39,,4015615628125
62813,Components Window Glass,Available,,$40.79,$67.99,$54.39,,4015615628132
62814,Components Icicles,Available,,$40.79,$67.99,$54.39,,4015615628149
,,,,,,,,
HO/N/TT-SCALE ITEMS,,,,,,,,
The following items are stocked at PIKO America and may be combined with G-Scale items for order terms.  No MAP on these items.,,,,,,,,
,,,,,,,,
,"HO/N/TT CATALOGS, BROCHURES & PUBLICATIONS",,,,,,,
99422,"TT Catalog 2022, German",2022,,$0.00,$1.99,,,4015615994220
99502,"HO Catalog 2022, English",Available,,$0.00,$9.99,,,4015615995029
99522,"HO New Items Flyer 2022, English",,,$0.00,$1.99,,,4015615995227
99539,"PIKO AC Models Flyer, German",July,,$0.00,$1.99,,,4015615995395
99556,"A-Track Flyer, German",July,,$0.00,$1.99,,,4015615995562
99557,"Hobby Line HO Flyer, German",July,,$0.00,$1.99,,,4015615995579
99692,"N Catalog 2022, German",Available,,$0.00,$1.99,,,4015615996927
99950,"The PIKO Book, German",Available,,$19.79,$32.99,,,4015615999508
,,,,,,,,
,"HO-SCALE TRAINS - STARTER SETS, LOCOS & CARS",,,,,,,
51402,BR 412 ICE 4 DB 4-Unit VI Sound,Available,,$461.99,$769.99,,,4015615514022
52096,"NCTD Sprinter 4007, Non-Sound",Available,,$179.99,$299.99,,,4015615520962
52097,"NCTD Sprinter 4007, Sound",Available,,$239.99,$399.99,,,4015615520979
52098,"NCTD Sprinter 4012, Sound",Available,,$239.99,$399.99,,,4015615520986
52464,65-DE-19-A Diesel USATC II,Q3,,$167.99,$279.99,,,4015615524649
52465,~65-DE-19-A Diesel USATC II,Q3,,$209.99,$349.99,,,4015615524656
52466,65-DE-19-A Diesel USATC II Sound,Q3,,$233.99,$389.99,,,4015615524663
52468,MMID 65-Ton Diesel 102 (Non-Sound),Q3,,$167.99,$279.99,,,4015615524687
52469,"MMID 65-Ton Diesel 102, Sound",Q3,,$233.99,$389.99,,,4015615524694
52470,"~MMID 65-Ton Diesel 102, Sound (3-Rail, DCC/mfx)",Q3,,$239.99,$399.99,,,4015615524700
57081,Roadbed Christmas Train Starter Set,Available,,$89.99,$149.99,,,4015615570813
57196,Roadbed DB ICE 3 Starter Set,Available,,$143.99,$239.99,,,4015615571964
57690,ICE3 1st Class Coach w/Pantograph DB V,Available,,$32.39,$53.99,,,4015615576907
57691,ICE3 2nd Class Coach DB V,Available,,$28.79,$47.99,,,4015615576914
59027,Roadbed SmartControl light DB ICE3 Starter Set,Available,,$287.99,$479.99,,,4015615590279
71150,"65-Ton Diesel, Blue/Orange (Non-Sound)",Q3,,$167.99,$279.99,,,4015615524687
71151,"65-Ton Diesel, Blue/Orange, Sound",Q3,,$233.99,$389.99,,,4015615524694
,,,,,,,,
,PIKO myTrain® HO Starter Sets & Cars,,,,,,,
57023,PIKO myTrain® Tank Car,Available,,$8.99,$14.99,,,4015615570233
57024,PIKO myTrain® Covered Hopper,Available,,$8.99,$14.99,,,4015615570240
57090,PIKO myTrain® Diesel Switcher Starter Set,Available,,$43.79,$72.99,,,4015615570905
57094,PIKO myTrain® ICE Passenger Starter Set ,Available,,$55.79,$92.99,,,4015615570943
,,,,,,,,
,HO A-TRACK SYSTEM (Code 100 Rail),,,,,,,
55150,Concrete Tie Flex Track 940mm Order 24x,Available,,$4.79,$7.99,,,4015615551508
55151,Concrete Tie End Ties 31mm Order 12x,Available,,$0.89,$1.49,,,4015615551515
55170,Concrete Tie Left Switch WL R9/239mm,Available,,$13.91,$23.19,,,4015615551706
55171,Concrete Tie Right Switch WR R9/239mm,Available,,$13.91,$23.19,,,4015615551713
55200,Straight Track 239mm Order 6x,Available,,$1.31,$2.19,,,4015615552000
55201,Straight Track 231mm Order 6x,Available,,$1.31,$2.19,,,4015615552017
55202,Straight Track 119mm Order 6x,Available,,$1.19,$1.99,,,4015615552024
55203,Straight Track 115mm Order 6x,Available,,$1.19,$1.99,,,4015615552031
55204,Straight Track 107mm Order 6x,Available,,$1.19,$1.99,,,4015615552048
55205,Straight Track 62 mm Order 6x,Available,,$1.19,$1.99,,,4015615552055
55207,Adapter Track Old PIKO 62mm Order 2x,Available,,$1.91,$3.19,,,4015615552079
55208,Adapter Track Code 100 62mm Order 2x,Available,,$1.91,$3.19,,,4015615552086
55209,Flex Track 940mm Order 24x,Available,,$4.07,$6.79,,,4015615552093
55211,Curved Track R1/30° Order 6x,Available,,$1.49,$2.49,,,4015615552116
55212,Curved Track R2/30° Order 6x,Available,,$1.49,$2.49,,,4015615552123
55213,Curved Track R3/30° Order 6x,Available,,$1.61,$2.69,,,4015615552130
55214,Curved Track R4/30° Order 6x,Available,,$1.61,$2.69,,,4015615552147
55219,Curved Track R9/15° Order 6x,Available,,$1.79,$2.99,,,4015615552192
55220,Left Switch WL R9/239mm,Available,,$13.25,$22.09,,,4015615552208
55221,Right Switch WR R9/239mm,Available,,$13.25,$22.09,,,4015615552215
55222,Left Curved Switch BWL R2/R3,Available,,$19.31,$32.19,,,4015615552222
55223,Right Curved Switch BWR R2/R3,Available,,$19.31,$32.19,,,4015615552239
55224,Double Slip Switch DKW 15°/239mm,Available,,$26.39,$43.99,,,4015615552246
55225,Three Way Switch W3 15° & 15°/R9,Available,,$26.39,$43.99,,,4015615552253
55226,Wye Switch WY 30°/R9,Available,,$26.39,$43.99,,,4015615552260
55227,Left Curved Switch BWL R3/R4,Available,,$22.19,$36.99,,,4015615552277
55228,Right Curved Switch BWR R3/R4,Available,,$22.19,$36.99,,,4015615552284
55240,Crossing K15 15°/239mm,Available,,$15.89,$26.49,,,4015615552406
55241,Crossing K30 30°/119mm,Available,,$14.69,$24.49,,,4015615552413
55251,Curved Track R1/7.5° Order 6x,Available,,$1.19,$1.99,,,4015615552512
55252,Curved Track R2/7.5° Order 6x,Available,,$1.19,$1.99,,,4015615552529
55261,On/Off Control Box,Available,,$14.69,$24.49,,,4015615552611
55262,Switch Control Box,Available,,$14.69,$24.49,,,4015615552628
55270,Analog Track Power Clip,Available,,$4.19,$6.99,,,4015615552703
55271,Electric Switch Machine,Available,,$16.55,$27.59,,,4015615552710
55272,Under-Table Servo Switch Machine,Available,,$15.35,$25.59,,,4015615552727
55273,Under-Table Switch Machine Mount,Available,,$5.33,$8.89,,,4015615552734
55275,Digital Track Power Clip,Available,,$4.19,$6.99,,,4015615552758
55280,Bumper 2 Pcs,Available,,$3.65,$6.09,,,4015615552802
55281,Track Cleaning Block,Available,,$7.61,$12.69,,,4015615552819
55282,Flex Track End Ties 31mm Long Order 12x,Available,,$0.83,$1.39,,,4015615552826
55289,Portable Rerailer,Available,,$4.79,$7.99,,,4015615552895
55290,Metal Rail Joiners 24 Pcs ,Available,,$2.93,$4.89,,,4015615552901
55291,Insulated Rail Joiners 24 Pcs,Available,,$2.93,$4.89,,,4015615552918
55292,Terminal Joiners,Available,,$4.19,$6.99,,,4015615552925
55293,Wide Rail Conversion Joiners 6 Pcs,Available,,$2.63,$4.39,,,4015615552932
55294,Code 83 Rail Conversion Joiners 6 Pcs,Available,,$2.63,$4.39,,,4015615552949
55296,Hammer & Nail Holder,Available,,$20.21,$33.69,,,4015615552963
55297,Phillips Screwdriver for PIKO A-Track,Available,,$7.67,$12.79,,,4015615552970
55298,Track Screws Approx 400 Pcs ,Available,,$4.67,$7.79,,,4015615552987
55299,Track Nails Approx 400 Pcs ,Available,,$4.67,$7.79,,,4015615552994
55300,Track Set A,Available,,$17.33,$28.89,,,4015615553007
55310,Track Set B,Available,,$17.33,$28.89,,,4015615553106
55320,Track Set C,Available,,$33.59,$55.99,,,4015615553205
55330,Track Set D,Available,,$70.19,$116.99,,,4015615553304
55340,Track Set E,Available,,$45.59,$75.99,,,4015615553403
55391,Reverse Loop ,Available,,$8.15,$13.59,,,4015615553915
55392,4 Switch Machines w/Control Panel,Available,,$66.59,$110.99,,,4015615553922
,,,,,,,,
,HO ROADBED A-TRACK SYSTEM (Code 100 Rail),,,,,,,
55311,Roadbed Track Set B ,Available,,$31.79,$52.99,,,4015615553113
55321,Roadbed Track Set C ,Available,,$49.79,$82.99,,,4015615553212
55400,Roadbed Straight Track 239mm Order 6x,Available,,$2.03,$3.39,,,4015615554004
55401,Roadbed Straight Track 231mm Order 6x,Available,,$2.03,$3.39,,,4015615554011
55402,Roadbed Straight Track 119mm Order 6x,Available,,$2.03,$3.39,,,4015615554028
55403,Roadbed Straight Track 115mm Order 6x,Available,,$2.03,$3.39,,,4015615554035
55404,Roadbed Straight Track 107mm Order 6x,Available,,$2.03,$3.39,,,4015615554042
55405,Roadbed Straight Track 62mm Order 6x,Available,,$2.03,$3.39,,,4015615554059
55406,Roadbed Straight Track for Power Clip Order 6x,Available,,$2.21,$3.69,,,4015615554066
55411,Roadbed Curved Track R1/30° Order 6x,Available,,$2.09,$3.49,,,4015615554110
55412,Roadbed Curved Track R2/30° Order 6x,Available,,$2.51,$4.19,,,4015615554127
55413,Roadbed Curved Track R3/30˚ Order 6x,Available,,$2.63,$4.39,,,4015615554134
55414,Roadbed Curved Track R4/30˚ Order 6x,Available,,$2.75,$4.59,,,4015615554141
55417,Roadbed Curved Track R1/7.5˚ Order 6x,Available,,$2.03,$3.39,,,4015615554172
55418,Roadbed Curved Track R2/7.5˚ Order 6x,Available,,$2.03,$3.39,,,4015615554189
55419,Roadbed Curved Track R9/15° Order 6x,Available,,$2.81,$4.69,,,4015615554196
55420,Roadbed Left Switch WL R9/239mm,Available,,$13.37,$22.29,,,4015615554202
55421,Roadbed Right Switch WR R9/239mm,Available,,$13.37,$22.29,,,4015615554219
55422,Roadbed Left Curved Switch BWL R2/R3 30˚,Available,,$20.03,$33.39,,,4015615554226
55423,Roadbed Right Curved Switch BWR R2/R3 30˚,Available,,$20.03,$33.39,,,4015615554233
55424,Roadbed Double Slip Switch DKW 15˚/239mm,Available,,$29.39,$48.99,,,4015615554240
55425,Roadbed 3-Way Switch W3 15˚ & 15˚/R9,Available,,$29.39,$48.99,,,4015615554257
55426,Roadbed Wye Switch WY 30˚/R9,Available,,$30.59,$50.99,,,4015615554264
55427,Roadbed Left Curved Switch BWL R3/R4 30˚,Available,,$22.79,$37.99,,,4015615554271
55428,Roadbed Right Curved Switch BWR R3/R4 30˚,Available,,$22.79,$37.99,,,4015615554288
55432,Roadbed Transition Track for Fleisch. Profi Order 6x,Available,,$5.27,$8.79,,,4015615554325
55433,Roadbed Transition Track for Roco GeoLine Order 6x,Available,,$5.27,$8.79,,,4015615554332
55434,Roadbed Transition Track for PIKO A-Track Order 6x,Available,,$4.85,$8.09,,,4015615554349
55440,Roadbed Crossing K15 15˚/239mm,Available,,$20.21,$33.69,,,4015615554400
55441,Roadbed Crossing K30 30˚/119mm,Available,,$16.55,$27.59,,,4015615554417
55442,Roadbed for Switch Machine 6 Pcs,Available,,$10.07,$16.79,,,4015615554424
55443,Roadbed for Left Curved Switch Machine 6 Pcs,Available,,$10.07,$16.79,,,4015615554431
55444,Roadbed for Right Curved Switch Machine 6 Pcs,Available,,$10.07,$16.79,,,4015615554448
55445,Roadbed End Cap 10 Pcs,Available,,$6.71,$11.19,,,4015615554455
55446,Roadbed Bumper,Available,,$5.39,$8.99,,,4015615554462
55447,Roadbed for Power Clip 6 Pcs,Available,,$10.07,$16.79,,,4015615554479
55487,Roadbed Track Assembly Screws 50 Pcs,Available,,$2.03,$3.39,,,4015615554875
55488,Roadbed Track Screws 1.4mm x 18mm 400 pcs.,Available,,$6.65,$11.09,,,4015615554882
55499,HO Portable Rerailer,Available,,$5.21,$8.69,,,4015615554998
,,,,,,,,
,HO/N/TT DIGITAL COMPONENTS,,,,,,,
55016,SmartController light,Available,,$82.79,$137.99,,,4015615550167
55017,SmartControl light Basic Set 120V 2.0A,Available,,$125.99,$209.99,,,4015615550174
55018,Y-Cable for PIKO SmartController light,Available,,$5.27,$8.79,,,4015615550181
55030,PIKO Switch Decoder,Available,,$18.59,$30.99,,,4015615550303
55031,PIKO Relay Decoder,Available,,$26.99,$44.99,,,4015615550310
55050,PIKO SmartMeasure Car,Available,,$149.99,$249.99,,,4015615550501
55051,Software CD for PIKO SmartMeasure Car,Available,,$14.39,$23.99,,,4015615550518
55274,Switch Decoder for Servo Machines,Available,,$43.19,$71.99,,,4015615552741
56122,Loco Decoder for Hobby Locos,Available,,$19.79,$32.99,,,4015615561224
56415,PIKO SmartProgrammer,Available,,$146.99,$244.99,,,4015615564157
56416,PIKO SmartTester,Available,,$118.79,$197.99,,,4015615564164
56503,PSD XP 5.1 Decoder PluX16/8-Pin (Non-Sound),Q3,,$32.39,$53.99,,,4015615565031
56556,PSD XP 5.1 Sound Kit ICE 3 PluX16/8-Pin (2-Rail Only),Q3,,$86.99,$144.99,,,4015615565567
,,,,,,,,
,HOBBY LINE HO-SCALE BUILDING KITS,,,,,,,
61820,Burgstein Station,Available,,$11.39,$18.99,,,4015615618201
61821,Burgstein Platform,Available,,$8.87,$14.79,,,4015615618218
61822,Burgstein Switch Tower,Available,,$8.87,$14.79,,,4015615618225
61823,Burgstein Loco Shed,Available,,$11.39,$18.99,,,4015615618232
61824,Burgstein Freight House,Available,,$11.39,$18.99,,,4015615618249
61825,St. Lucas Church,Available,,$11.39,$18.99,,,4015615618256
61826,House,Available,,$8.87,$14.79,,,4015615618263
61827,ARAL Gas Station,Available,,$9.59,$15.99,,,4015615618270
61830,Krone Village Inn,Available,,$11.39,$18.99,,,4015615618300
61831,EDEKA Store,Available,,$8.87,$14.79,,,4015615618317
61833,Mopsinger's Case Factory,Available,,$11.39,$18.99,,,4015615618331
61834,Günther's Lube Oil Supply,Available,,$8.87,$14.79,,,4015615618348
61835,Alibaba's Kebab Shack ,Available,,$9.59,$15.99,,,4015615618355
61836,Police Station,Available,,$9.59,$15.99,,,4015615618362
,,,,,,,,
,N-SCALE BUILDING KITS,,,,,,,
60010,N Warwick Guitar Factory,Available,,$37.19,$61.99,,,4015615600107
60011,N Warwick Workshop,Available,,$19.91,$33.19,,,4015615600114
60012,N Warwick Oil Tanks,Available,,$19.91,$33.19,,,4015615600121
60013,N Gas Holder,Available,,$33.59,$55.99,,,4015615600138
60014,N Warwick Boilerhouse,Available,,$34.19,$56.99,,,4015615600145
60015,N Louis Baufeld Forwarding,Available,,$31.79,$52.99,,,4015615600152
60016,N Transformer Station,Available,,$25.79,$42.99,,,4015615600169
60022,N Bulk Oil Dealer Office,Available,,$17.75,$29.59,,,4015615600220
60023,N Burgstadt Station,Available,,$40.79,$67.99,,,4015615600237
60027,N Warehouse,Available,,$31.79,$52.99,,,4015615600275
60028,N Temporary Railroad Station,Available,,$31.79,$52.99,,,4015615600282
60029,N A. Unger Furniture Factory,Available,,$31.79,$52.99,,,4015615600299
,,,,,,,,
,CLASSIC nostalgie HO BUILDING KITS,,,,,,,
61101,Repair Shop,Available,,$44.39,$73.99,,,4015615611011
61102,Portal Crane,Available,,$35.99,$59.99,,,4015615611028
61103,Locomotive Scrap Yard,Available,,$53.39,$88.99,,,4015615611035
61104,Shell Storage Tanks Low,Available,,$31.19,$51.99,,,4015615611042
61105,Tank Station Fill Racks,Available,,$35.99,$59.99,,,4015615611059
61106,Tank Station Office,Available,,$31.19,$51.99,,,4015615611066
61111,Coal Elevator & Accessories,Available,,$17.75,$29.59,,,4015615611110
61112,Suburban Station,Available,,$43.19,$71.99,,,4015615611127
61113,Billinger's Co-Op Storage,Available,,$49.19,$81.99,,,4015615611134
61114,Billinger's Co-Op Elevator,Available,,$50.39,$83.99,,,4015615611141
61115,Billinger's Co-Op Silos,Available,,$41.39,$68.99,,,4015615611158
61116,E Strauss Glass Factory,Available,,$53.39,$88.99,,,4015615611165
61117,Factory Side Building,Available,,$50.39,$83.99,,,4015615611172
61118,Factory Chimney,Available,,$20.99,$34.99,,,4015615611189
61119,Factory Accessories,Available,,$20.99,$34.99,,,4015615611196
61120,Factory Fence,Available,,$28.79,$47.99,,,4015615611202
61121,Shell Storage Tanks Tall,Available,,$32.99,$54.99,,,4015615611219
61122,Unloading Bridge for Hopper Cars,Available,,$20.99,$34.99,,,4015615611226
61123,Sand Works Loading Bridge,Available,,$43.79,$72.99,,,4015615611233
61124,Sand Works Grading Tower,Available,,$47.99,$79.99,,,4015615611240
61125,Sand Works Silo & Transport,Available,,$26.99,$44.99,,,4015615611257
61126,Sand Works Unloading Crane,Available,,$29.39,$48.99,,,4015615611264
61127,Sand Works Sales Office,Available,,$22.79,$37.99,,,4015615611271
61128,Neuses Old Switch Tower,Available,,$36.59,$60.99,,,4015615611288
61130,Concrete Plant Mixing Building,Available,,$43.19,$71.99,,,4015615611301
61131,Concrete Plant Silos,Available,,$38.39,$63.99,,,4015615611318
61132,Concrete Plant Sand Bunkers,Available,,$34.19,$56.99,,,4015615611325
61133,Concrete Plant Fence,Available,,$28.19,$46.99,,,4015615611332
61134,Loco Repair Shop,Available,,$77.99,$129.99,,,4015615611349
61137,Reinbek Switch Tower,Available,,$34.19,$56.99,,,4015615611370
61141,ESSO Tank Farm Complex,Available,,$61.19,$101.99,,,4015615611417
61144,Weyermanss Malt Plant,Available,,$64.19,$106.99,,,4015615611448
61145,Neuburg Cottages,Available,,$28.19,$46.99,,,4015615611455
61146,Prefab Apartment Block Basic Set,Available,,$33.59,$55.99,,,4015615611462
61147,Prefab Apartment Under Construction,Available,,$17.57,$29.29,,,4015615611479
61148,Prefab Restaurant,Available,,$17.57,$29.29,,,4015615611486
61149,Schultheiss Brewery,Available,,$61.19,$101.99,,,4015615611493
61150,Prefab School Building,Available,,$20.99,$34.99,,,4015615611509
61151,Prefab Petersburg Market,Available,,$20.99,$34.99,,,4015615611516
61152,Gerlacher Crate & Lumber Co ,Available,,$52.79,$87.99,,,4015615611523
61153,Neustadt Gravel Yard,Available,,$52.79,$87.99,,,4015615611530
,END,,,,,,,
,,,,,,,,
SEE THE FULL PIKO HO RETAILER COST LIST FOR OVER 2000,,,,,,,,
"GREAT EUROPEAN-PROTOTYPE HO-, N- AND TT-SCALE ITEMS,",,,,,,,,
RELIABLY AVAILABLE THROUGH PIKO AMERICA VIA AIR SHIPMENT,,,,,,,,
FROM THE PIKO FACTORY IN GERMANY,,,,,,,,